model,score_test,mean_squared_error,mean_absolute_error,pearsonr,root_mean_squared_error,score_val,pred_time_test,pred_time_val,fit_time,pred_time_test_marginal,pred_time_val_marginal,fit_time_marginal,stack_level,can_infer,fit_order
LightGBM_BAG_L1,-0.28970044661646827,-0.28970044661646827,-0.4014340685000839,0.9270153304993567,-0.5382382805193888,-0.7833646468777816,0.32990598678588867,0.07925534248352051,2.9876937866210938,0.32990598678588867,0.07925534248352051,2.9876937866210938,1,True,2
WeightedEnsemble_L2,-0.28970044661646827,-0.28970044661646827,-0.4014340685000839,0.9270153304993567,-0.5382382805193888,-0.7833646468777816,0.33313488960266113,0.07963800430297852,3.037280797958374,0.003228902816772461,0.0003826618194580078,0.04958701133728027,2,True,3
LightGBMXT_BAG_L1,-0.5283515558297021,-0.5283515558297021,-0.612462574238734,0.8676538080989402,-0.7268779511236408,-0.9691351342860076,0.3204350471496582,0.17731261253356934,27.08247447013855,0.3204350471496582,0.17731261253356934,27.08247447013855,1,True,1
