model,score_test,mean_squared_error,mean_absolute_error,pearsonr,root_mean_squared_error,score_val,pred_time_test,pred_time_val,fit_time,pred_time_test_marginal,pred_time_val_marginal,fit_time_marginal,stack_level,can_infer,fit_order
LightGBMXT_BAG_L1,-0.3770659272400334,-0.3770659272400334,-0.5557382456103377,,-0.6140569413662168,-0.7041785100373598,0.8616945743560791,0.3151543140411377,10.19258165359497,0.8616945743560791,0.3151543140411377,10.19258165359497,1,True,1
WeightedEnsemble_L2,-0.3770659272400334,-0.3770659272400334,-0.5557382456103377,,-0.6140569413662168,-0.7041785100373598,0.863497257232666,0.3155527114868164,10.196072340011597,0.001802682876586914,0.00039839744567871094,0.0034906864166259766,2,True,2
