model,score_test,mean_squared_error,mean_absolute_error,pearsonr,root_mean_squared_error,score_val,pred_time_test,pred_time_val,fit_time,pred_time_test_marginal,pred_time_val_marginal,fit_time_marginal,stack_level,can_infer,fit_order
LightGBMXT_BAG_L1,-0.17553616509075465,-0.17553616509075465,-0.35756144767961034,0.789198122552979,-0.41897036302196206,-0.2663646766722116,0.9255893230438232,0.36458587646484375,39.160759687423706,0.9255893230438232,0.36458587646484375,39.160759687423706,1,True,1
WeightedEnsemble_L2,-0.17553616509075465,-0.17553616509075465,-0.35756144767961034,0.789198122552979,-0.41897036302196206,-0.2663646766722116,0.9279351234436035,0.365018367767334,39.22262454032898,0.0023458003997802734,0.0004324913024902344,0.06186485290527344,2,True,3
LightGBM_BAG_L1,-0.4710710484941463,-0.4710710484941463,-0.5256573164717538,0.7437517654379984,-0.6863461579218947,-0.7311149173509678,0.987891674041748,0.3511676788330078,7.632723331451416,0.987891674041748,0.3511676788330078,7.632723331451416,1,True,2
