model,score_test,mean_squared_error,mean_absolute_error,pearsonr,root_mean_squared_error,score_val,pred_time_test,pred_time_val,fit_time,pred_time_test_marginal,pred_time_val_marginal,fit_time_marginal,stack_level,can_infer,fit_order
LightGBMXT_BAG_L1,-0.1591210571999368,-0.1591210571999368,-0.2992491713984724,0.8765329971838272,-0.39889980847317635,-0.26519268343737257,0.927764892578125,0.3239285945892334,84.56771612167358,0.927764892578125,0.3239285945892334,84.56771612167358,1,True,1
WeightedEnsemble_L2,-0.1591210571999368,-0.1591210571999368,-0.2992491713984724,0.8765329971838272,-0.39889980847317635,-0.26519268343737257,0.929762601852417,0.3243415355682373,84.63072109222412,0.001997709274291992,0.00041294097900390625,0.06300497055053711,2,True,3
LightGBM_BAG_L1,-0.6222728393465132,-0.6222728393465132,-0.6625758054847221,0.7374144929915657,-0.7888427215526003,-0.7008088237784768,0.9639394283294678,0.38671398162841797,18.127533197402954,0.9639394283294678,0.38671398162841797,18.127533197402954,1,True,2
