model,score_test,mean_squared_error,mean_absolute_error,pearsonr,root_mean_squared_error,score_val,pred_time_test,pred_time_val,fit_time,pred_time_test_marginal,pred_time_val_marginal,fit_time_marginal,stack_level,can_infer,fit_order
LightGBMXT_BAG_L1,-0.1714221631836622,-0.1714221631836622,-0.27696453715598185,0.8842389650800633,-0.4140315968421519,-0.20456740745545912,0.8874456882476807,0.3638617992401123,149.94986510276794,0.8874456882476807,0.3638617992401123,149.94986510276794,1,True,1
WeightedEnsemble_L2,-0.1714221631836622,-0.1714221631836622,-0.27696453715598185,0.8842389650800633,-0.4140315968421519,-0.20456740745545912,0.8901035785675049,0.3642995357513428,150.04748129844666,0.0026578903198242188,0.00043773651123046875,0.09761619567871094,2,True,3
LightGBM_BAG_L1,-0.6809019385469289,-0.6809019385469289,-0.6377886019814203,0.7966588504609251,-0.8251678244738636,-0.8186349244821894,0.8626041412353516,0.5199997425079346,28.473517894744873,0.8626041412353516,0.5199997425079346,28.473517894744873,1,True,2
