model,score_test,mean_squared_error,mean_absolute_error,pearsonr,root_mean_squared_error,score_val,pred_time_test,pred_time_val,fit_time,pred_time_test_marginal,pred_time_val_marginal,fit_time_marginal,stack_level,can_infer,fit_order
WeightedEnsemble_L2,-0.2372131542100641,-0.2372131542100641,-0.2861772234475322,0.8687737393195627,-0.4870453307548119,-0.16819142967157638,2.310488224029541,0.8349008560180664,258.25155544281006,0.00427699089050293,0.0004398822784423828,0.1294407844543457,2,True,6
LightGBMXT_BAG_L1,-0.2302730221350501,-0.2302730221350501,-0.2742619486220054,0.8718158036427793,-0.47986771316171095,-0.17838279327069748,0.6539862155914307,0.14685416221618652,69.54672002792358,0.6539862155914307,0.14685416221618652,69.54672002792358,1,True,1
ExtraTreesMSE_BAG_L1,-0.250498756119474,-0.250498756119474,-0.30611760575394864,0.8615851570595353,-0.5004985076096371,-0.18203493347867228,1.0109987258911133,0.4055309295654297,5.165629863739014,1.0109987258911133,0.4055309295654297,5.165629863739014,1,True,5
LightGBM_BAG_L1,-0.23874512793460964,-0.23874512793460964,-0.2747732301419668,0.868070900931626,-0.4886155215858473,-0.19243260310780047,0.6412262916564941,0.2820758819580078,183.40976476669312,0.6412262916564941,0.2820758819580078,183.40976476669312,1,True,2
RandomForestMSE_BAG_L1,-0.2592986864206357,-0.2592986864206357,-0.31581702326765976,0.8591137319689042,-0.5092137924493363,-0.1929875145945409,0.23474621772766113,0.6970486640930176,5.162889003753662,0.23474621772766113,0.6970486640930176,5.162889003753662,1,True,3
CatBoost_BAG_L1,-0.2469127884828474,-0.2469127884828474,-0.3068939342847848,0.8643223200566036,-0.49690319830209123,-0.19466960478409537,1.244994878768921,1.0285639762878418,27.250789880752563,1.244994878768921,1.0285639762878418,27.250789880752563,1,True,4
