model,score_test,mean_squared_error,mean_absolute_error,pearsonr,root_mean_squared_error,score_val,pred_time_test,pred_time_val,fit_time,pred_time_test_marginal,pred_time_val_marginal,fit_time_marginal,stack_level,can_infer,fit_order
LightGBMXT_BAG_L1,-0.4610389300383376,-0.4610389300383376,-0.5114938491698819,0.8310082421577688,-0.6789984757260782,-0.43146103447705203,0.8583846092224121,0.3079390525817871,132.5398440361023,0.8583846092224121,0.3079390525817871,132.5398440361023,1,True,1
WeightedEnsemble_L2,-0.4610389300383376,-0.4610389300383376,-0.5114938491698819,0.8310082421577688,-0.6789984757260782,-0.43146103447705203,0.8781588077545166,0.3084874153137207,132.62037706375122,0.019774198532104492,0.0005483627319335938,0.08053302764892578,2,True,3
LightGBM_BAG_L1,-0.7712580307246446,-0.7712580307246446,-0.7079411593081479,0.8036999926660491,-0.8782129757209493,-0.7126168409673234,0.9418354034423828,0.2105543613433838,23.58726954460144,0.9418354034423828,0.2105543613433838,23.58726954460144,1,True,2
