model,score_test,mean_squared_error,mean_absolute_error,pearsonr,root_mean_squared_error,score_val,pred_time_test,pred_time_val,fit_time,pred_time_test_marginal,pred_time_val_marginal,fit_time_marginal,stack_level,can_infer,fit_order
WeightedEnsemble_L2,-0.15735317131190826,-0.15735317131190826,-0.2289213141808595,0.9190431314266444,-0.3966776667672485,-0.1421574986234027,1.5106098651885986,0.4181864261627197,156.69543361663818,0.003088712692260742,0.0004661083221435547,0.06933951377868652,2,True,3
LightGBMXT_BAG_L1,-0.15843109098885166,-0.15843109098885166,-0.2258512016475544,0.9190648085734734,-0.39803403245055774,-0.14229769208527446,0.8225419521331787,0.22312641143798828,126.49486041069031,0.8225419521331787,0.22312641143798828,126.49486041069031,1,True,1
LightGBM_BAG_L1,-0.9391647935460233,-0.9391647935460233,-0.7500201527750882,0.7672159341953767,-0.9691051509232749,-0.9367584501160635,0.6849792003631592,0.1945939064025879,30.13123369216919,0.6849792003631592,0.1945939064025879,30.13123369216919,1,True,2
