model,score_test,mean_squared_error,mean_absolute_error,pearsonr,root_mean_squared_error,score_val,pred_time_test,pred_time_val,fit_time,pred_time_test_marginal,pred_time_val_marginal,fit_time_marginal,stack_level,can_infer,fit_order
LightGBMXT_BAG_L1,-0.24615208148875306,-0.24615208148875306,-0.37180753123530286,0.7019640915756435,-0.496137159955544,-0.3601044548516302,0.9091231822967529,0.32938146591186523,26.761690616607666,0.9091231822967529,0.32938146591186523,26.761690616607666,1,True,1
WeightedEnsemble_L2,-0.24615208148875306,-0.24615208148875306,-0.37180753123530286,0.7019640915756435,-0.496137159955544,-0.3601044548516302,0.9114971160888672,0.3298065662384033,26.831332445144653,0.002373933792114258,0.00042510032653808594,0.0696418285369873,2,True,3
LightGBM_BAG_L1,-0.3696638558951161,-0.3696638558951161,-0.44883768691010756,0.6933826046646432,-0.6079998814926826,-0.4654094938774398,0.9159131050109863,0.3688962459564209,3.9222254753112793,0.9159131050109863,0.3688962459564209,3.9222254753112793,1,True,2
