model,score_test,mean_squared_error,mean_absolute_error,pearsonr,root_mean_squared_error,score_val,pred_time_test,pred_time_val,fit_time,pred_time_test_marginal,pred_time_val_marginal,fit_time_marginal,stack_level,can_infer,fit_order
LightGBMXT_BAG_L1,-0.7613717538717247,-0.7613717538717247,-0.6982143742381469,,-0.8725661888199225,-0.7545997292058045,0.34305667877197266,0.05006861686706543,2.0299463272094727,0.34305667877197266,0.05006861686706543,2.0299463272094727,1,True,1
WeightedEnsemble_L2,-0.7613717538717247,-0.7613717538717247,-0.6982143742381469,,-0.8725661888199225,-0.7545997292058045,0.3451352119445801,0.05041050910949707,2.0329995155334473,0.002078533172607422,0.0003418922424316406,0.0030531883239746094,2,True,2
