model,score_test,mean_squared_error,mean_absolute_error,pearsonr,root_mean_squared_error,score_val,pred_time_test,pred_time_val,fit_time,pred_time_test_marginal,pred_time_val_marginal,fit_time_marginal,stack_level,can_infer,fit_order
LightGBMXT_BAG_L1,-0.8897515858115126,-0.8897515858115126,-0.7552387636798735,,-0.9432664447607116,-0.01949379072085987,0.3137078285217285,0.0532224178314209,1.9873836040496826,0.3137078285217285,0.0532224178314209,1.9873836040496826,1,True,1
WeightedEnsemble_L2,-0.8897515858115126,-0.8897515858115126,-0.7552387636798735,,-0.9432664447607116,-0.01949379072085987,0.3154141902923584,0.05364179611206055,1.9909567832946777,0.0017063617706298828,0.00041937828063964844,0.003573179244995117,2,True,2
