model,score_test,mean_squared_error,mean_absolute_error,pearsonr,root_mean_squared_error,score_val,pred_time_test,pred_time_val,fit_time,pred_time_test_marginal,pred_time_val_marginal,fit_time_marginal,stack_level,can_infer,fit_order
LightGBMXT_BAG_L1,-0.40476660428208844,-0.40476660428208844,-0.5813655547878349,,-0.6362127036472067,-0.4641050963618517,0.8313889503479004,0.24344348907470703,12.928928136825562,0.8313889503479004,0.24344348907470703,12.928928136825562,1,True,1
WeightedEnsemble_L2,-0.40476660428208844,-0.40476660428208844,-0.5813655547878349,,-0.6362127036472067,-0.4641050963618517,0.8356399536132812,0.24388337135314941,12.932349920272827,0.004251003265380859,0.0004398822784423828,0.003421783447265625,2,True,2
