model,score_test,mean_squared_error,mean_absolute_error,pearsonr,root_mean_squared_error,score_val,pred_time_test,pred_time_val,fit_time,pred_time_test_marginal,pred_time_val_marginal,fit_time_marginal,stack_level,can_infer,fit_order
LightGBMXT_BAG_L1,-0.333886366913257,-0.333886366913257,-0.44730929105168826,0.8812869191804664,-0.5778290118307119,-0.46236000631684426,0.8260161876678467,0.36449527740478516,21.536654949188232,0.8260161876678467,0.36449527740478516,21.536654949188232,1,True,1
WeightedEnsemble_L2,-0.333886366913257,-0.333886366913257,-0.44730929105168826,0.8812869191804664,-0.5778290118307119,-0.46236000631684426,0.8281407356262207,0.36490797996520996,21.55406165122986,0.0021245479583740234,0.0004127025604248047,0.017406702041625977,2,True,2
