model,score_test,mean_squared_error,mean_absolute_error,pearsonr,root_mean_squared_error,score_val,pred_time_test,pred_time_val,fit_time,pred_time_test_marginal,pred_time_val_marginal,fit_time_marginal,stack_level,can_infer,fit_order
WeightedEnsemble_L2,-0.2949057901644096,-0.2949057901644096,-0.4458281959342615,0.0008888397902647685,-0.543052290451306,-0.20663793764139332,1.163606882095337,0.4164118766784668,5.5334882736206055,0.0023844242095947266,0.00043129920959472656,0.11615395545959473,2,True,5
CatBoost_BAG_L1,-0.2893971289421739,-0.2893971289421739,-0.45312171166946386,-0.029983564213560333,-0.5379564377737047,-0.21515620990672193,0.6842827796936035,0.3459055423736572,3.931015729904175,0.6842827796936035,0.3459055423736572,3.931015729904175,1,True,4
RandomForestMSE_BAG_L1,-0.3072635304242697,-0.3072635304242697,-0.43691380473451374,0.027405633410869486,-0.5543135668773314,-0.21947975496010663,0.47693967819213867,0.07007503509521484,1.486318588256836,0.47693967819213867,0.07007503509521484,1.486318588256836,1,True,3
LightGBM_BAG_L1,-0.3115452972462154,-0.3115452972462154,-0.4762548889229824,,-0.5581624290887155,-0.4277242434130093,0.5248217582702637,0.04601263999938965,1.2290785312652588,0.5248217582702637,0.04601263999938965,1.2290785312652588,1,True,2
LightGBMXT_BAG_L1,-0.3115452972462154,-0.3115452972462154,-0.4762548889229824,,-0.5581624290887155,-0.4277242434130093,0.5756957530975342,0.05527830123901367,1.4516072273254395,0.5756957530975342,0.05527830123901367,1.4516072273254395,1,True,1
