model,score_test,mean_squared_error,mean_absolute_error,pearsonr,root_mean_squared_error,score_val,pred_time_test,pred_time_val,fit_time,pred_time_test_marginal,pred_time_val_marginal,fit_time_marginal,stack_level,can_infer,fit_order
RandomForestMSE_BAG_L1,-0.5513787704843692,-0.5513787704843692,-0.4872662305317486,0.8492755833094926,-0.7425488337371282,-0.3382476565476684,0.1611802577972412,0.1271202564239502,2.4155333042144775,0.1611802577972412,0.1271202564239502,2.4155333042144775,1,True,3
WeightedEnsemble_L2,-0.5513787704843692,-0.5513787704843692,-0.4872662305317486,0.8492755833094926,-0.7425488337371282,-0.3382476565476684,0.16359758377075195,0.12763333320617676,2.511378526687622,0.002417325973510742,0.0005130767822265625,0.09584522247314453,2,True,4
LightGBM_BAG_L1,-0.9558131508926573,-0.9558131508926573,-0.8526889011455062,,-0.9776569699504306,-1.4744756968282966,0.5308101177215576,0.05232548713684082,1.9567985534667969,0.5308101177215576,0.05232548713684082,1.9567985534667969,1,True,2
LightGBMXT_BAG_L1,-0.9558131508926573,-0.9558131508926573,-0.8526889011455062,,-0.9776569699504306,-1.4744756968282966,0.5576515197753906,0.04951071739196777,1.623992919921875,0.5576515197753906,0.04951071739196777,1.623992919921875,1,True,1
