model,score_test,mean_squared_error,mean_absolute_error,pearsonr,root_mean_squared_error,score_val,pred_time_test,pred_time_val,fit_time,pred_time_test_marginal,pred_time_val_marginal,fit_time_marginal,stack_level,can_infer,fit_order
LightGBMXT_BAG_L1,-0.7914425008992844,-0.7914425008992844,-0.6413374856135374,0.3068776754381022,-0.8896305417977085,-0.7004679982235079,0.7978100776672363,0.3462793827056885,31.987176418304443,0.7978100776672363,0.3462793827056885,31.987176418304443,1,True,1
WeightedEnsemble_L2,-0.7914425008992844,-0.7914425008992844,-0.6413374856135374,0.3068776754381022,-0.8896305417977085,-0.7004679982235079,0.800065279006958,0.34671735763549805,32.04874515533447,0.0022552013397216797,0.0004379749298095703,0.0615687370300293,2,True,3
LightGBM_BAG_L1,-0.8854653863478728,-0.8854653863478728,-0.7070087090101259,0.26246936038655544,-0.9409917036551771,-0.8641668760517563,0.8954410552978516,0.35272765159606934,8.615379571914673,0.8954410552978516,0.35272765159606934,8.615379571914673,1,True,2
