model,score_test,mean_squared_error,mean_absolute_error,pearsonr,root_mean_squared_error,score_val,pred_time_test,pred_time_val,fit_time,pred_time_test_marginal,pred_time_val_marginal,fit_time_marginal,stack_level,can_infer,fit_order
LightGBMXT_BAG_L1,-0.036545913428579775,-0.036545913428579775,-0.1586366800515717,0.8075671202794006,-0.19116985491593536,-0.18244411234769234,0.8817799091339111,0.36728596687316895,30.1760356426239,0.8817799091339111,0.36728596687316895,30.1760356426239,1,True,1
WeightedEnsemble_L2,-0.036545913428579775,-0.036545913428579775,-0.1586366800515717,0.8075671202794006,-0.19116985491593536,-0.18244411234769234,0.8837976455688477,0.3677349090576172,30.23789644241333,0.0020177364349365234,0.0004489421844482422,0.06186079978942871,2,True,3
LightGBM_BAG_L1,-0.06823317881914423,-0.06823317881914423,-0.21408737884709927,0.6867182909674407,-0.26121481355226434,-0.37647971096476857,0.848210334777832,0.3063676357269287,8.404607772827148,0.848210334777832,0.3063676357269287,8.404607772827148,1,True,2
