model,score_test,mean_squared_error,mean_absolute_error,pearsonr,root_mean_squared_error,score_val,pred_time_test,pred_time_val,fit_time,pred_time_test_marginal,pred_time_val_marginal,fit_time_marginal,stack_level,can_infer,fit_order
WeightedEnsemble_L2,-0.23940788609173444,-0.23940788609173444,-0.30177009228879975,0.908317654336913,-0.4892932516310995,-0.21167593605159832,2.090932607650757,0.30848145484924316,5.36884880065918,0.003060579299926758,0.00045561790466308594,0.1480395793914795,2,True,6
RandomForestMSE_BAG_L1,-0.2397182148642799,-0.2397182148642799,-0.308135082778172,0.9083298467617621,-0.48961026834031973,-0.21372960094400845,0.9631843566894531,0.13077926635742188,1.526928424835205,0.9631843566894531,0.13077926635742188,1.526928424835205,1,True,3
ExtraTreesMSE_BAG_L1,-0.24247826733171132,-0.24247826733171132,-0.2996138405525142,0.9067519564507625,-0.4924208234139894,-0.21713810250390644,1.124687671661377,0.1772465705871582,3.693880796432495,1.124687671661377,0.1772465705871582,3.693880796432495,1,True,5
CatBoost_BAG_L1,-0.2425709959391779,-0.2425709959391779,-0.27655570073726476,0.9059427166271328,-0.4925149702691055,-0.3112157357454512,0.9862575531005859,0.7649154663085938,17.16477346420288,0.9862575531005859,0.7649154663085938,17.16477346420288,1,True,4
LightGBMXT_BAG_L1,-0.21247908820357533,-0.21247908820357533,-0.2556289979947095,0.9176599338892103,-0.46095454027873,-0.33004850250811174,0.6842527389526367,0.08519601821899414,78.71005415916443,0.6842527389526367,0.08519601821899414,78.71005415916443,1,True,1
LightGBM_BAG_L1,-0.21485536970434366,-0.21485536970434366,-0.29093176681998,0.9175639695849327,-0.463524939678917,-0.3381060877200903,0.6457338333129883,0.12298941612243652,3.4739327430725098,0.6457338333129883,0.12298941612243652,3.4739327430725098,1,True,2
