model,score_test,mean_squared_error,mean_absolute_error,pearsonr,root_mean_squared_error,score_val,pred_time_test,pred_time_val,fit_time,pred_time_test_marginal,pred_time_val_marginal,fit_time_marginal,stack_level,can_infer,fit_order
LightGBMXT_BAG_L1,-0.742594902547195,-0.742594902547195,-0.6200274334983839,0.6928547064609271,-0.8617394632643877,-0.784079480291035,0.8397867679595947,0.3221280574798584,79.77262902259827,0.8397867679595947,0.3221280574798584,79.77262902259827,1,True,1
WeightedEnsemble_L2,-0.742594902547195,-0.742594902547195,-0.6200274334983839,0.6928547064609271,-0.8617394632643877,-0.784079480291035,0.8426609039306641,0.3225700855255127,79.8366630077362,0.002874135971069336,0.0004420280456542969,0.06403398513793945,2,True,3
LightGBM_BAG_L1,-1.3774035447806168,-1.3774035447806168,-1.010573967616891,0.559325203686582,-1.1736283674062318,-1.4948780137387438,0.8601958751678467,0.3344736099243164,15.938052892684937,0.8601958751678467,0.3344736099243164,15.938052892684937,1,True,2
