model,score_test,mean_squared_error,mean_absolute_error,pearsonr,root_mean_squared_error,score_val,pred_time_test,pred_time_val,fit_time,pred_time_test_marginal,pred_time_val_marginal,fit_time_marginal,stack_level,can_infer,fit_order
RandomForestMSE_BAG_L1,-0.2856218149253849,-0.2856218149253849,-0.39174206075049905,0.8864399660362827,-0.5344359783223664,-0.38007219125003594,0.23905372619628906,0.15951180458068848,1.6580452919006348,0.23905372619628906,0.15951180458068848,1.6580452919006348,1,True,3
WeightedEnsemble_L2,-0.2856218149253849,-0.2856218149253849,-0.39174206075049905,0.8864399660362827,-0.5344359783223664,-0.38007219125003594,0.24368882179260254,0.1600503921508789,1.7545084953308105,0.0046350955963134766,0.0005385875701904297,0.09646320343017578,2,True,4
LightGBM_BAG_L1,-0.32627141028297246,-0.32627141028297246,-0.4039408763418613,0.8612347213464309,-0.5712017246848722,-0.49505819650949473,0.5348446369171143,0.1155853271484375,5.435991525650024,0.5348446369171143,0.1155853271484375,5.435991525650024,1,True,2
LightGBMXT_BAG_L1,-0.4363926650376273,-0.4363926650376273,-0.4727513631317416,0.8240463368442908,-0.6606002308791811,-0.5076074040140248,0.5052974224090576,0.1872117519378662,74.02564930915833,0.5052974224090576,0.1872117519378662,74.02564930915833,1,True,1
