model,score_test,mean_squared_error,mean_absolute_error,pearsonr,root_mean_squared_error,score_val,pred_time_test,pred_time_val,fit_time,pred_time_test_marginal,pred_time_val_marginal,fit_time_marginal,stack_level,can_infer,fit_order
LightGBMXT_BAG_L1,-0.171653430296143,-0.171653430296143,-0.3054814437569395,0.9067995487700737,-0.4143107895000358,-0.1857553090514493,0.8214676380157471,0.3876171112060547,74.25200891494751,0.8214676380157471,0.3876171112060547,74.25200891494751,1,True,1
WeightedEnsemble_L2,-0.171653430296143,-0.171653430296143,-0.3054814437569395,0.9067995487700737,-0.4143107895000358,-0.1857553090514493,0.8236303329467773,0.3880496025085449,74.31781935691833,0.0021626949310302734,0.0004324913024902344,0.0658104419708252,2,True,3
LightGBM_BAG_L1,-0.7357822317792899,-0.7357822317792899,-0.6620506658296257,0.8080208596760725,-0.8577774954959415,-0.8150427644688022,0.9387085437774658,0.3229811191558838,12.930755138397217,0.9387085437774658,0.3229811191558838,12.930755138397217,1,True,2
