model,score_test,mean_squared_error,mean_absolute_error,pearsonr,root_mean_squared_error,score_val,pred_time_test,pred_time_val,fit_time,pred_time_test_marginal,pred_time_val_marginal,fit_time_marginal,stack_level,can_infer,fit_order
LightGBMXT_BAG_L1,-0.34930097286970613,-0.34930097286970613,-0.42285702026785105,0.965347290205232,-0.5910168972793469,-0.5402626928057476,0.6358461380004883,0.19576549530029297,19.637236833572388,0.6358461380004883,0.19576549530029297,19.637236833572388,1,True,1
WeightedEnsemble_L2,-0.34930097286970613,-0.34930097286970613,-0.42285702026785105,0.965347290205232,-0.5910168972793469,-0.5402626928057476,0.6381134986877441,0.19622230529785156,19.701506853103638,0.0022673606872558594,0.00045680999755859375,0.06427001953125,2,True,3
LightGBM_BAG_L1,-1.9604309296074516,-1.9604309296074516,-1.0861637898885537,0.8792576555910899,-1.4001538949727819,-1.6557657612367755,0.6027383804321289,0.17130732536315918,2.971614122390747,0.6027383804321289,0.17130732536315918,2.971614122390747,1,True,2
