model,score_test,mean_squared_error,mean_absolute_error,pearsonr,root_mean_squared_error,score_val,pred_time_test,pred_time_val,fit_time,pred_time_test_marginal,pred_time_val_marginal,fit_time_marginal,stack_level,can_infer,fit_order
LightGBMXT_BAG_L1,-0.4278806108645945,-0.4278806108645945,-0.5254902075918487,,-0.6541258371785925,-0.26964104208982126,0.4526786804199219,0.11115217208862305,2.19183611869812,0.4526786804199219,0.11115217208862305,2.19183611869812,1,True,1
WeightedEnsemble_L2,-0.4278806108645945,-0.4278806108645945,-0.5254902075918487,,-0.6541258371785925,-0.26964104208982126,0.4548070430755615,0.11168074607849121,2.197571039199829,0.0021283626556396484,0.0005285739898681641,0.005734920501708984,2,True,2
