model,score_test,mean_squared_error,mean_absolute_error,pearsonr,root_mean_squared_error,score_val,pred_time_test,pred_time_val,fit_time,pred_time_test_marginal,pred_time_val_marginal,fit_time_marginal,stack_level,can_infer,fit_order
WeightedEnsemble_L2,-0.1362702209232378,-0.1362702209232378,-0.2447312038720003,0.8596216989467557,-0.3691479661642981,-0.11812191122631631,1.1110808849334717,0.7611851692199707,12.807804107666016,0.0058994293212890625,0.00037932395935058594,0.08912062644958496,2,True,5
LightGBMXT_BAG_L1,-0.14186972542554618,-0.14186972542554618,-0.24045483412463767,0.8536169268056614,-0.3766559775518586,-0.11993772136983293,0.317213773727417,0.0803678035736084,7.041090250015259,0.317213773727417,0.0803678035736084,7.041090250015259,1,True,1
LightGBM_BAG_L1,-0.147457978987124,-0.147457978987124,-0.25813645114537553,0.8468671188272336,-0.3840025767975054,-0.12845741241190306,0.28174686431884766,0.2265639305114746,50.17310953140259,0.28174686431884766,0.2265639305114746,50.17310953140259,1,True,2
CatBoost_BAG_L1,-0.14046200404067274,-0.14046200404067274,-0.26123908510289917,0.8569661084022027,-0.3747826090424591,-0.12932237159746973,0.6565713882446289,0.5742452144622803,3.3885953426361084,0.6565713882446289,0.5742452144622803,3.3885953426361084,1,True,4
RandomForestMSE_BAG_L1,-0.12744710737662554,-0.12744710737662554,-0.2578837819018301,0.8706658949693759,-0.3569973492571416,-0.13943469890026122,0.13139629364013672,0.10619282722473145,2.2889978885650635,0.13139629364013672,0.10619282722473145,2.2889978885650635,1,True,3
